Geo,Year,HHIncomePC.2024,GQIncomePC.2024
Charles City County,2024,34908,11542
Chesterfield County,2024,40240,11542
Goochland County,2024,50893,11542
Hanover County,2024,45700,11542
Henrico County,2024,38412,11542
New Kent County,2024,46735,11542
Powhatan County,2024,44397,11542
Richmond City,2024,33471,11542
Charles City County,2045,53522,15536
Chesterfield County,2045,51885,15536
Goochland County,2045,73851,15536
Hanover County,2045,57947,15536
Henrico County,2045,50999,15536
New Kent County,2045,59503,15536
Powhatan County,2045,63094,15536
Richmond City,2045,42668,15536
